{
  "wikitext2": 4.673507213592529,
  "ptb-new": 55.9559211730957,
  "c4-new": 6.6289143562316895
}