{
  "results": {
    "hendrycksTest-abstract_algebra": {
      "acc": 0.33,
      "acc_stderr": 0.04725815626252606,
      "acc_norm": 0.33,
      "acc_norm_stderr": 0.04725815626252606
    },
    "hendrycksTest-anatomy": {
      "acc": 0.48148148148148145,
      "acc_stderr": 0.043163785995113245,
      "acc_norm": 0.48148148148148145,
      "acc_norm_stderr": 0.043163785995113245
    },
    "hendrycksTest-astronomy": {
      "acc": 0.5131578947368421,
      "acc_stderr": 0.04067533136309174,
      "acc_norm": 0.5131578947368421,
      "acc_norm_stderr": 0.04067533136309174
    },
    "hendrycksTest-business_ethics": {
      "acc": 0.54,
      "acc_stderr": 0.05009082659620332,
      "acc_norm": 0.54,
      "acc_norm_stderr": 0.05009082659620332
    },
    "hendrycksTest-clinical_knowledge": {
      "acc": 0.6113207547169811,
      "acc_stderr": 0.030000485448675986,
      "acc_norm": 0.6113207547169811,
      "acc_norm_stderr": 0.030000485448675986
    },
    "hendrycksTest-college_biology": {
      "acc": 0.5555555555555556,
      "acc_stderr": 0.04155319955593147,
      "acc_norm": 0.5555555555555556,
      "acc_norm_stderr": 0.04155319955593147
    },
    "hendrycksTest-college_chemistry": {
      "acc": 0.42,
      "acc_stderr": 0.049604496374885836,
      "acc_norm": 0.42,
      "acc_norm_stderr": 0.049604496374885836
    },
    "hendrycksTest-college_computer_science": {
      "acc": 0.43,
      "acc_stderr": 0.049756985195624284,
      "acc_norm": 0.43,
      "acc_norm_stderr": 0.049756985195624284
    },
    "hendrycksTest-college_mathematics": {
      "acc": 0.31,
      "acc_stderr": 0.04648231987117316,
      "acc_norm": 0.31,
      "acc_norm_stderr": 0.04648231987117316
    },
    "hendrycksTest-college_medicine": {
      "acc": 0.5202312138728323,
      "acc_stderr": 0.03809342081273957,
      "acc_norm": 0.5202312138728323,
      "acc_norm_stderr": 0.03809342081273957
    },
    "hendrycksTest-college_physics": {
      "acc": 0.2549019607843137,
      "acc_stderr": 0.043364327079931785,
      "acc_norm": 0.2549019607843137,
      "acc_norm_stderr": 0.043364327079931785
    },
    "hendrycksTest-computer_security": {
      "acc": 0.71,
      "acc_stderr": 0.045604802157206845,
      "acc_norm": 0.71,
      "acc_norm_stderr": 0.045604802157206845
    },
    "hendrycksTest-conceptual_physics": {
      "acc": 0.4,
      "acc_stderr": 0.032025630761017346,
      "acc_norm": 0.4,
      "acc_norm_stderr": 0.032025630761017346
    },
    "hendrycksTest-econometrics": {
      "acc": 0.2982456140350877,
      "acc_stderr": 0.043036840335373146,
      "acc_norm": 0.2982456140350877,
      "acc_norm_stderr": 0.043036840335373146
    },
    "hendrycksTest-electrical_engineering": {
      "acc": 0.5172413793103449,
      "acc_stderr": 0.04164188720169375,
      "acc_norm": 0.5172413793103449,
      "acc_norm_stderr": 0.04164188720169375
    },
    "hendrycksTest-elementary_mathematics": {
      "acc": 0.30687830687830686,
      "acc_stderr": 0.023752928712112143,
      "acc_norm": 0.30687830687830686,
      "acc_norm_stderr": 0.023752928712112143
    },
    "hendrycksTest-formal_logic": {
      "acc": 0.30952380952380953,
      "acc_stderr": 0.04134913018303316,
      "acc_norm": 0.30952380952380953,
      "acc_norm_stderr": 0.04134913018303316
    },
    "hendrycksTest-global_facts": {
      "acc": 0.35,
      "acc_stderr": 0.047937248544110196,
      "acc_norm": 0.35,
      "acc_norm_stderr": 0.047937248544110196
    },
    "hendrycksTest-high_school_biology": {
      "acc": 0.6483870967741936,
      "acc_stderr": 0.027162537826948458,
      "acc_norm": 0.6483870967741936,
      "acc_norm_stderr": 0.027162537826948458
    },
    "hendrycksTest-high_school_chemistry": {
      "acc": 0.4433497536945813,
      "acc_stderr": 0.03495334582162933,
      "acc_norm": 0.4433497536945813,
      "acc_norm_stderr": 0.03495334582162933
    },
    "hendrycksTest-high_school_computer_science": {
      "acc": 0.57,
      "acc_stderr": 0.04975698519562428,
      "acc_norm": 0.57,
      "acc_norm_stderr": 0.04975698519562428
    },
    "hendrycksTest-high_school_european_history": {
      "acc": 0.6545454545454545,
      "acc_stderr": 0.03713158067481913,
      "acc_norm": 0.6545454545454545,
      "acc_norm_stderr": 0.03713158067481913
    },
    "hendrycksTest-high_school_geography": {
      "acc": 0.7121212121212122,
      "acc_stderr": 0.03225883512300992,
      "acc_norm": 0.7121212121212122,
      "acc_norm_stderr": 0.03225883512300992
    },
    "hendrycksTest-high_school_government_and_politics": {
      "acc": 0.7875647668393783,
      "acc_stderr": 0.029519282616817234,
      "acc_norm": 0.7875647668393783,
      "acc_norm_stderr": 0.029519282616817234
    },
    "hendrycksTest-high_school_macroeconomics": {
      "acc": 0.5025641025641026,
      "acc_stderr": 0.025350672979412195,
      "acc_norm": 0.5025641025641026,
      "acc_norm_stderr": 0.025350672979412195
    },
    "hendrycksTest-high_school_mathematics": {
      "acc": 0.2851851851851852,
      "acc_stderr": 0.027528599210340496,
      "acc_norm": 0.2851851851851852,
      "acc_norm_stderr": 0.027528599210340496
    },
    "hendrycksTest-high_school_microeconomics": {
      "acc": 0.5672268907563025,
      "acc_stderr": 0.032183581077426124,
      "acc_norm": 0.5672268907563025,
      "acc_norm_stderr": 0.032183581077426124
    },
    "hendrycksTest-high_school_physics": {
      "acc": 0.32450331125827814,
      "acc_stderr": 0.03822746937658753,
      "acc_norm": 0.32450331125827814,
      "acc_norm_stderr": 0.03822746937658753
    },
    "hendrycksTest-high_school_psychology": {
      "acc": 0.7431192660550459,
      "acc_stderr": 0.01873249292834247,
      "acc_norm": 0.7431192660550459,
      "acc_norm_stderr": 0.01873249292834247
    },
    "hendrycksTest-high_school_statistics": {
      "acc": 0.4675925925925926,
      "acc_stderr": 0.034028015813589656,
      "acc_norm": 0.4675925925925926,
      "acc_norm_stderr": 0.034028015813589656
    },
    "hendrycksTest-high_school_us_history": {
      "acc": 0.7450980392156863,
      "acc_stderr": 0.030587591351604246,
      "acc_norm": 0.7450980392156863,
      "acc_norm_stderr": 0.030587591351604246
    },
    "hendrycksTest-high_school_world_history": {
      "acc": 0.7046413502109705,
      "acc_stderr": 0.02969633871342288,
      "acc_norm": 0.7046413502109705,
      "acc_norm_stderr": 0.02969633871342288
    },
    "hendrycksTest-human_aging": {
      "acc": 0.6502242152466368,
      "acc_stderr": 0.03200736719484503,
      "acc_norm": 0.6502242152466368,
      "acc_norm_stderr": 0.03200736719484503
    },
    "hendrycksTest-human_sexuality": {
      "acc": 0.5954198473282443,
      "acc_stderr": 0.043046937953806645,
      "acc_norm": 0.5954198473282443,
      "acc_norm_stderr": 0.043046937953806645
    },
    "hendrycksTest-international_law": {
      "acc": 0.6859504132231405,
      "acc_stderr": 0.042369647530410184,
      "acc_norm": 0.6859504132231405,
      "acc_norm_stderr": 0.042369647530410184
    },
    "hendrycksTest-jurisprudence": {
      "acc": 0.6574074074074074,
      "acc_stderr": 0.045879047413018105,
      "acc_norm": 0.6574074074074074,
      "acc_norm_stderr": 0.045879047413018105
    },
    "hendrycksTest-logical_fallacies": {
      "acc": 0.6503067484662577,
      "acc_stderr": 0.03746668325470022,
      "acc_norm": 0.6503067484662577,
      "acc_norm_stderr": 0.03746668325470022
    },
    "hendrycksTest-machine_learning": {
      "acc": 0.25,
      "acc_stderr": 0.04109974682633932,
      "acc_norm": 0.25,
      "acc_norm_stderr": 0.04109974682633932
    },
    "hendrycksTest-management": {
      "acc": 0.7378640776699029,
      "acc_stderr": 0.04354631077260595,
      "acc_norm": 0.7378640776699029,
      "acc_norm_stderr": 0.04354631077260595
    },
    "hendrycksTest-marketing": {
      "acc": 0.7692307692307693,
      "acc_stderr": 0.027601921381417586,
      "acc_norm": 0.7692307692307693,