{
  "results": {
    "piqa": {
      "acc": 0.5217627856365615,
      "acc_stderr": 0.01165476861856007,
      "acc_norm": 0.49455930359085964,
      "acc_norm_stderr": 0.011665133500637059
    },
    "hellaswag": {
      "acc": 0.26020713005377416,
      "acc_stderr": 0.004378508362084367,
      "acc_norm": 0.25801633140808605,
      "acc_norm_stderr": 0.004366488167386392
    },
    "winogrande": {
      "acc": 0.5035516969218626,
      "acc_stderr": 0.014052131146915857
    },
    "arc_easy": {
      "acc": 0.2563131313131313,
      "acc_stderr": 0.008958775997918366,
      "acc_norm": 0.2596801346801347,
      "acc_norm_stderr": 0.008996990428562215
    },
    "arc_challenge": {
      "acc": 0.1885665529010239,
      "acc_stderr": 0.01143089764767581,
      "acc_norm": 0.25426621160409557,
      "acc_norm_stderr": 0.012724999945157738
    }
  },
  "versions": {
    "piqa": 0,
    "hellaswag": 0,
    "winogrande": 0,
    "arc_easy": 0,
    "arc_challenge": 0
  },
  "config": {
    "model": "facebook/opt-350m",
    "model_args": null,
    "num_fewshot": 0,
    "batch_size": 16,
    "batch_sizes": [],
    "device": null,
    "no_cache": true,
    "limit": null,
    "bootstrap_iters": 100000,
    "description_dict": null
  }
}