,model,wbit,wikitext2,ptb-new,c4-new,piqa,hellaswag,winogrande,arc_easy,arc_challenge,mmlu_oi,mmlu_lm_eval

0,llama-2-7b,4,5.6153974533081055,299.1168212890625,7.453652381896973,,,,,,,0.4597061988969786
0,llama-2-7b,3,6.480320453643799,1715.8115234375,8.436538696289062,,,,,,,0.3985349326458845
0,llama-2-7b,2,47.02890396118164,,39.43643569946289,,,,,,,0.2445020251680639
0,llama-2-13b,4,4.995539665222168,51.58000183105469,6.840945243835449,,,,,,,0.5471610871729239
0,llama-2-13b,3,5.420660972595215,57.99512481689453,7.401695251464844,,,,,,,0.5256071531729064
0,llama-2-13b,2,27.261343002319336,575.8053588867188,27.275014877319336,,,,,,,0.24142600372838327
