{
  "wikitext2": 5.065469264984131,
  "ptb-new": 63.67845153808594,
  "c4-new": 7.161484241485596
}