{
  "results": {
    "hendrycksTest-abstract_algebra": {
      "acc": 0.24,
      "acc_stderr": 0.042923469599092816,
      "acc_norm": 0.24,
      "acc_norm_stderr": 0.042923469599092816
    },
    "hendrycksTest-anatomy": {
      "acc": 0.3111111111111111,
      "acc_stderr": 0.03999262876617723,
      "acc_norm": 0.3111111111111111,
      "acc_norm_stderr": 0.03999262876617723
    },
    "hendrycksTest-astronomy": {
      "acc": 0.3092105263157895,
      "acc_stderr": 0.037610708698674805,
      "acc_norm": 0.3092105263157895,
      "acc_norm_stderr": 0.037610708698674805
    },
    "hendrycksTest-business_ethics": {
      "acc": 0.27,
      "acc_stderr": 0.044619604333847394,
      "acc_norm": 0.27,
      "acc_norm_stderr": 0.044619604333847394
    },
    "hendrycksTest-clinical_knowledge": {
      "acc": 0.30943396226415093,
      "acc_stderr": 0.028450154794118627,
      "acc_norm": 0.30943396226415093,
      "acc_norm_stderr": 0.028450154794118627
    },
    "hendrycksTest-college_biology": {
      "acc": 0.3055555555555556,
      "acc_stderr": 0.03852084696008534,
      "acc_norm": 0.3055555555555556,
      "acc_norm_stderr": 0.03852084696008534
    },
    "hendrycksTest-college_chemistry": {
      "acc": 0.21,
      "acc_stderr": 0.04093601807403326,
      "acc_norm": 0.21,
      "acc_norm_stderr": 0.04093601807403326
    },
    "hendrycksTest-college_computer_science": {
      "acc": 0.29,
      "acc_stderr": 0.045604802157206845,
      "acc_norm": 0.29,
      "acc_norm_stderr": 0.045604802157206845
    },
    "hendrycksTest-college_mathematics": {
      "acc": 0.28,
      "acc_stderr": 0.04512608598542127,
      "acc_norm": 0.28,
      "acc_norm_stderr": 0.04512608598542127
    },
    "hendrycksTest-college_medicine": {
      "acc": 0.28901734104046245,
      "acc_stderr": 0.034564257450869995,
      "acc_norm": 0.28901734104046245,
      "acc_norm_stderr": 0.034564257450869995
    },
    "hendrycksTest-college_physics": {
      "acc": 0.20588235294117646,
      "acc_stderr": 0.04023382273617747,
      "acc_norm": 0.20588235294117646,
      "acc_norm_stderr": 0.04023382273617747
    },
    "hendrycksTest-computer_security": {
      "acc": 0.43,
      "acc_stderr": 0.049756985195624284,
      "acc_norm": 0.43,
      "acc_norm_stderr": 0.049756985195624284
    },
    "hendrycksTest-conceptual_physics": {
      "acc": 0.2680851063829787,
      "acc_stderr": 0.02895734278834235,
      "acc_norm": 0.2680851063829787,
      "acc_norm_stderr": 0.02895734278834235
    },
    "hendrycksTest-econometrics": {
      "acc": 0.21929824561403508,
      "acc_stderr": 0.038924311065187525,
      "acc_norm": 0.21929824561403508,
      "acc_norm_stderr": 0.038924311065187525
    },
    "hendrycksTest-electrical_engineering": {
      "acc": 0.22758620689655173,
      "acc_stderr": 0.03493950380131184,
      "acc_norm": 0.22758620689655173,
      "acc_norm_stderr": 0.03493950380131184
    },
    "hendrycksTest-elementary_mathematics": {
      "acc": 0.2619047619047619,
      "acc_stderr": 0.022644212615525218,
      "acc_norm": 0.2619047619047619,
      "acc_norm_stderr": 0.022644212615525218
    },
    "hendrycksTest-formal_logic": {
      "acc": 0.3412698412698413,
      "acc_stderr": 0.04240799327574923,
      "acc_norm": 0.3412698412698413,
      "acc_norm_stderr": 0.04240799327574923
    },
    "hendrycksTest-global_facts": {
      "acc": 0.28,
      "acc_stderr": 0.045126085985421276,
      "acc_norm": 0.28,
      "acc_norm_stderr": 0.045126085985421276
    },
    "hendrycksTest-high_school_biology": {
      "acc": 0.29354838709677417,
      "acc_stderr": 0.025906087021319295,
      "acc_norm": 0.29354838709677417,
      "acc_norm_stderr": 0.025906087021319295
    },
    "hendrycksTest-high_school_chemistry": {
      "acc": 0.17733990147783252,
      "acc_stderr": 0.02687433727680835,
      "acc_norm": 0.17733990147783252,
      "acc_norm_stderr": 0.02687433727680835
    },
    "hendrycksTest-high_school_computer_science": {
      "acc": 0.29,
      "acc_stderr": 0.04560480215720684,
      "acc_norm": 0.29,
      "acc_norm_stderr": 0.04560480215720684
    },
    "hendrycksTest-high_school_european_history": {
      "acc": 0.37575757575757573,
      "acc_stderr": 0.03781887353205983,
      "acc_norm": 0.37575757575757573,
      "acc_norm_stderr": 0.03781887353205983
    },
    "hendrycksTest-high_school_geography": {
      "acc": 0.2222222222222222,
      "acc_stderr": 0.029620227874790486,
      "acc_norm": 0.2222222222222222,
      "acc_norm_stderr": 0.029620227874790486
    },
    "hendrycksTest-high_school_government_and_politics": {
      "acc": 0.26424870466321243,
      "acc_stderr": 0.03182155050916645,
      "acc_norm": 0.26424870466321243,
      "acc_norm_stderr": 0.03182155050916645
    },
    "hendrycksTest-high_school_macroeconomics": {
      "acc": 0.23846153846153847,
      "acc_stderr": 0.021606294494647727,
      "acc_norm": 0.23846153846153847,
      "acc_norm_stderr": 0.021606294494647727
    },
    "hendrycksTest-high_school_mathematics": {
      "acc": 0.22592592592592592,
      "acc_stderr": 0.02549753263960955,
      "acc_norm": 0.22592592592592592,
      "acc_norm_stderr": 0.02549753263960955
    },
    "hendrycksTest-high_school_microeconomics": {
      "acc": 0.23529411764705882,
      "acc_stderr": 0.027553614467863804,
      "acc_norm": 0.23529411764705882,
      "acc_norm_stderr": 0.027553614467863804
    },
    "hendrycksTest-high_school_physics": {
      "acc": 0.2185430463576159,
      "acc_stderr": 0.033742355504256936,
      "acc_norm": 0.2185430463576159,
      "acc_norm_stderr": 0.033742355504256936
    },
    "hendrycksTest-high_school_psychology": {
      "acc": 0.30091743119266057,
      "acc_stderr": 0.019664751366802114,
      "acc_norm": 0.30091743119266057,
      "acc_norm_stderr": 0.019664751366802114
    },
    "hendrycksTest-high_school_statistics": {
      "acc": 0.2175925925925926,
      "acc_stderr": 0.028139689444859676,
      "acc_norm": 0.2175925925925926,
      "acc_norm_stderr": 0.028139689444859676
    },
    "hendrycksTest-high_school_us_history": {
      "acc": 0.3480392156862745,
      "acc_stderr": 0.03343311240488419,
      "acc_norm": 0.3480392156862745,
      "acc_norm_stderr": 0.03343311240488419
    },
    "hendrycksTest-high_school_world_history": {
      "acc": 0.3459915611814346,
      "acc_stderr": 0.03096481058878671,
      "acc_norm": 0.3459915611814346,
      "acc_norm_stderr": 0.03096481058878671
    },
    "hendrycksTest-human_aging": {
      "acc": 0.29596412556053814,
      "acc_stderr": 0.030636591348699824,
      "acc_norm": 0.29596412556053814,
      "acc_norm_stderr": 0.030636591348699824
    },
    "hendrycksTest-human_sexuality": {
      "acc": 0.3053435114503817,
      "acc_stderr": 0.040393149787245605,
      "acc_norm": 0.3053435114503817,
      "acc_norm_stderr": 0.040393149787245605
    },
    "hendrycksTest-international_law": {
      "acc": 0.3884297520661157,
      "acc_stderr": 0.04449270350068382,
      "acc_norm": 0.3884297520661157,
      "acc_norm_stderr": 0.04449270350068382
    },
    "hendrycksTest-jurisprudence": {
      "acc": 0.3425925925925926,
      "acc_stderr": 0.045879047413018105,
      "acc_norm": 0.3425925925925926,
      "acc_norm_stderr": 0.045879047413018105
    },
    "hendrycksTest-logical_fallacies": {
      "acc": 0.25766871165644173,
      "acc_stderr": 0.03436150827846917,
      "acc_norm": 0.25766871165644173,
      "acc_norm_stderr": 0.03436150827846917
    },
    "hendrycksTest-machine_learning": {
      "acc": 0.25892857142857145,
      "acc_stderr": 0.041577515398656284,
      "acc_norm": 0.25892857142857145,
      "acc_norm_stderr": 0.041577515398656284
    },
    "hendrycksTest-management": {
      "acc": 0.2815533980582524,
      "acc_stderr": 0.04453254836326469,
      "acc_norm": 0.2815533980582524,
      "acc_norm_stderr": 0.04453254836326469
    },
    "hendrycksTest-marketing": {
      "acc": 0.3888888888888889,