{
  "wikitext2": 30.639759063720703,
  "ptb-new": 861.9219970703125,
  "c4-new": 28.572105407714844
}