{
  "results": {
    "hendrycksTest-abstract_algebra": {
      "acc": 0.22,
      "acc_stderr": 0.04163331998932268,
      "acc_norm": 0.22,
      "acc_norm_stderr": 0.04163331998932268
    },
    "hendrycksTest-anatomy": {
      "acc": 0.34814814814814815,
      "acc_stderr": 0.041153246103369526,
      "acc_norm": 0.34814814814814815,
      "acc_norm_stderr": 0.041153246103369526
    },
    "hendrycksTest-astronomy": {
      "acc": 0.17763157894736842,
      "acc_stderr": 0.031103182383123398,
      "acc_norm": 0.17763157894736842,
      "acc_norm_stderr": 0.031103182383123398
    },
    "hendrycksTest-business_ethics": {
      "acc": 0.25,
      "acc_stderr": 0.04351941398892446,
      "acc_norm": 0.25,
      "acc_norm_stderr": 0.04351941398892446
    },
    "hendrycksTest-clinical_knowledge": {
      "acc": 0.21509433962264152,
      "acc_stderr": 0.02528839450289137,
      "acc_norm": 0.21509433962264152,
      "acc_norm_stderr": 0.02528839450289137
    },
    "hendrycksTest-college_biology": {
      "acc": 0.2222222222222222,
      "acc_stderr": 0.03476590104304134,
      "acc_norm": 0.2222222222222222,
      "acc_norm_stderr": 0.03476590104304134
    },
    "hendrycksTest-college_chemistry": {
      "acc": 0.2,
      "acc_stderr": 0.04020151261036845,
      "acc_norm": 0.2,
      "acc_norm_stderr": 0.04020151261036845
    },
    "hendrycksTest-college_computer_science": {
      "acc": 0.3,
      "acc_stderr": 0.046056618647183814,
      "acc_norm": 0.3,
      "acc_norm_stderr": 0.046056618647183814
    },
    "hendrycksTest-college_mathematics": {
      "acc": 0.26,
      "acc_stderr": 0.04408440022768078,
      "acc_norm": 0.26,
      "acc_norm_stderr": 0.04408440022768078
    },
    "hendrycksTest-college_medicine": {
      "acc": 0.20809248554913296,
      "acc_stderr": 0.030952890217749874,
      "acc_norm": 0.20809248554913296,
      "acc_norm_stderr": 0.030952890217749874
    },
    "hendrycksTest-college_physics": {
      "acc": 0.19607843137254902,
      "acc_stderr": 0.03950581861179964,
      "acc_norm": 0.19607843137254902,
      "acc_norm_stderr": 0.03950581861179964
    },
    "hendrycksTest-computer_security": {
      "acc": 0.31,
      "acc_stderr": 0.04648231987117316,
      "acc_norm": 0.31,
      "acc_norm_stderr": 0.04648231987117316
    },
    "hendrycksTest-conceptual_physics": {
      "acc": 0.2936170212765957,
      "acc_stderr": 0.029771642712491223,
      "acc_norm": 0.2936170212765957,
      "acc_norm_stderr": 0.029771642712491223
    },
    "hendrycksTest-econometrics": {
      "acc": 0.2543859649122807,
      "acc_stderr": 0.040969851398436695,
      "acc_norm": 0.2543859649122807,
      "acc_norm_stderr": 0.040969851398436695
    },
    "hendrycksTest-electrical_engineering": {
      "acc": 0.2413793103448276,
      "acc_stderr": 0.03565998174135302,
      "acc_norm": 0.2413793103448276,
      "acc_norm_stderr": 0.03565998174135302
    },
    "hendrycksTest-elementary_mathematics": {
      "acc": 0.2566137566137566,
      "acc_stderr": 0.022494510767503154,
      "acc_norm": 0.2566137566137566,
      "acc_norm_stderr": 0.022494510767503154
    },
    "hendrycksTest-formal_logic": {
      "acc": 0.18253968253968253,
      "acc_stderr": 0.034550710191021496,
      "acc_norm": 0.18253968253968253,
      "acc_norm_stderr": 0.034550710191021496
    },
    "hendrycksTest-global_facts": {
      "acc": 0.17,
      "acc_stderr": 0.0377525168068637,
      "acc_norm": 0.17,
      "acc_norm_stderr": 0.0377525168068637
    },
    "hendrycksTest-high_school_biology": {
      "acc": 0.2838709677419355,
      "acc_stderr": 0.025649381063029265,
      "acc_norm": 0.2838709677419355,
      "acc_norm_stderr": 0.025649381063029265
    },
    "hendrycksTest-high_school_chemistry": {
      "acc": 0.28078817733990147,
      "acc_stderr": 0.03161856335358609,
      "acc_norm": 0.28078817733990147,
      "acc_norm_stderr": 0.03161856335358609
    },
    "hendrycksTest-high_school_computer_science": {
      "acc": 0.21,
      "acc_stderr": 0.040936018074033256,
      "acc_norm": 0.21,
      "acc_norm_stderr": 0.040936018074033256
    },
    "hendrycksTest-high_school_european_history": {
      "acc": 0.18787878787878787,
      "acc_stderr": 0.030501934059429144,
      "acc_norm": 0.18787878787878787,
      "acc_norm_stderr": 0.030501934059429144
    },
    "hendrycksTest-high_school_geography": {
      "acc": 0.17676767676767677,
      "acc_stderr": 0.027178752639044915,
      "acc_norm": 0.17676767676767677,
      "acc_norm_stderr": 0.027178752639044915
    },
    "hendrycksTest-high_school_government_and_politics": {
      "acc": 0.21761658031088082,
      "acc_stderr": 0.02977866303775296,
      "acc_norm": 0.21761658031088082,
      "acc_norm_stderr": 0.02977866303775296
    },
    "hendrycksTest-high_school_macroeconomics": {
      "acc": 0.2076923076923077,
      "acc_stderr": 0.020567539567246794,
      "acc_norm": 0.2076923076923077,
      "acc_norm_stderr": 0.020567539567246794
    },
    "hendrycksTest-high_school_mathematics": {
      "acc": 0.22592592592592592,
      "acc_stderr": 0.02549753263960955,
      "acc_norm": 0.22592592592592592,
      "acc_norm_stderr": 0.02549753263960955
    },
    "hendrycksTest-high_school_microeconomics": {
      "acc": 0.21008403361344538,
      "acc_stderr": 0.026461398717471874,
      "acc_norm": 0.21008403361344538,
      "acc_norm_stderr": 0.026461398717471874
    },
    "hendrycksTest-high_school_physics": {
      "acc": 0.26490066225165565,
      "acc_stderr": 0.036030385453603826,
      "acc_norm": 0.26490066225165565,
      "acc_norm_stderr": 0.036030385453603826
    },
    "hendrycksTest-high_school_psychology": {
      "acc": 0.20917431192660552,
      "acc_stderr": 0.017437937173343233,
      "acc_norm": 0.20917431192660552,
      "acc_norm_stderr": 0.017437937173343233
    },
    "hendrycksTest-high_school_statistics": {
      "acc": 0.1527777777777778,
      "acc_stderr": 0.024536326026134224,
      "acc_norm": 0.1527777777777778,
      "acc_norm_stderr": 0.024536326026134224
    },
    "hendrycksTest-high_school_us_history": {
      "acc": 0.22549019607843138,
      "acc_stderr": 0.029331162294251735,
      "acc_norm": 0.22549019607843138,
      "acc_norm_stderr": 0.029331162294251735
    },
    "hendrycksTest-high_school_world_history": {
      "acc": 0.27848101265822783,
      "acc_stderr": 0.029178682304842538,
      "acc_norm": 0.27848101265822783,
      "acc_norm_stderr": 0.029178682304842538
    },
    "hendrycksTest-human_aging": {
      "acc": 0.36771300448430494,
      "acc_stderr": 0.032361983509282745,
      "acc_norm": 0.36771300448430494,
      "acc_norm_stderr": 0.032361983509282745
    },
    "hendrycksTest-human_sexuality": {
      "acc": 0.2595419847328244,
      "acc_stderr": 0.03844876139785271,
      "acc_norm": 0.2595419847328244,
      "acc_norm_stderr": 0.03844876139785271
    },
    "hendrycksTest-international_law": {
      "acc": 0.2727272727272727,
      "acc_stderr": 0.04065578140908705,
      "acc_norm": 0.2727272727272727,
      "acc_norm_stderr": 0.04065578140908705
    },
    "hendrycksTest-jurisprudence": {
      "acc": 0.23148148148148148,
      "acc_stderr": 0.04077494709252627,
      "acc_norm": 0.23148148148148148,
      "acc_norm_stderr": 0.04077494709252627
    },
    "hendrycksTest-logical_fallacies": {
      "acc": 0.26380368098159507,
      "acc_stderr": 0.034624199316156234,
      "acc_norm": 0.26380368098159507,
      "acc_norm_stderr": 0.034624199316156234
    },
    "hendrycksTest-machine_learning": {
      "acc": 0.25892857142857145,
      "acc_stderr": 0.04157751539865629,
      "acc_norm": 0.25892857142857145,
      "acc_norm_stderr": 0.04157751539865629
    },
    "hendrycksTest-management": {
      "acc": 0.17475728155339806,
      "acc_stderr": 0.037601780060266224,
      "acc_norm": 0.17475728155339806,
      "acc_norm_stderr": 0.037601780060266224
    },
    "hendrycksTest-marketing": {
      "acc": 0.2948717948717949,