{
  "wikitext2": 5.242338180541992,
  "ptb-new": 4362.75634765625,
  "c4-new": 7.216470241546631
}