{
  "results": {
    "piqa": {
      "acc": 0.6218715995647442,
      "acc_stderr": 0.011313980666854535,
      "acc_norm": 0.6256800870511425,
      "acc_norm_stderr": 0.011291276801194992
    },
    "hellaswag": {
      "acc": 0.3064130651264688,
      "acc_stderr": 0.004600612000422695,
      "acc_norm": 0.3463453495319657,
      "acc_norm_stderr": 0.004748324319714281
    },
    "winogrande": {
      "acc": 0.4940805051302289,
      "acc_stderr": 0.014051500838485807
    },
    "arc_easy": {
      "acc": 0.3918350168350168,
      "acc_stderr": 0.010016835016834966,
      "acc_norm": 0.3611111111111111,
      "acc_norm_stderr": 0.00985601342581124
    },
    "arc_challenge": {
      "acc": 0.21245733788395904,
      "acc_stderr": 0.011953482906582947,
      "acc_norm": 0.2363481228668942,
      "acc_norm_stderr": 0.012414960524301825
    }
  },
  "versions": {
    "piqa": 0,
    "hellaswag": 0,
    "winogrande": 0,
    "arc_easy": 0,
    "arc_challenge": 0
  },
  "config": {
    "model": "facebook/opt-350m",
    "model_args": null,
    "num_fewshot": 0,
    "batch_size": 16,
    "batch_sizes": [],
    "device": null,
    "no_cache": true,
    "limit": null,
    "bootstrap_iters": 100000,
    "description_dict": null
  }
}