{
  "wikitext2": 45.98490524291992,
  "ptb-new": NaN,
  "c4-new": 42.98904800415039
}