{
  "results": {
    "hendrycksTest-abstract_algebra": {
      "acc": 0.22,
      "acc_stderr": 0.04163331998932268,
      "acc_norm": 0.22,
      "acc_norm_stderr": 0.04163331998932268
    },
    "hendrycksTest-anatomy": {
      "acc": 0.2962962962962963,
      "acc_stderr": 0.03944624162501116,
      "acc_norm": 0.2962962962962963,
      "acc_norm_stderr": 0.03944624162501116
    },
    "hendrycksTest-astronomy": {
      "acc": 0.26973684210526316,
      "acc_stderr": 0.03611780560284898,
      "acc_norm": 0.26973684210526316,
      "acc_norm_stderr": 0.03611780560284898
    },
    "hendrycksTest-business_ethics": {
      "acc": 0.27,
      "acc_stderr": 0.04461960433384741,
      "acc_norm": 0.27,
      "acc_norm_stderr": 0.04461960433384741
    },
    "hendrycksTest-clinical_knowledge": {
      "acc": 0.20754716981132076,
      "acc_stderr": 0.02495991802891127,
      "acc_norm": 0.20754716981132076,
      "acc_norm_stderr": 0.02495991802891127
    },
    "hendrycksTest-college_biology": {
      "acc": 0.2361111111111111,
      "acc_stderr": 0.03551446610810826,
      "acc_norm": 0.2361111111111111,
      "acc_norm_stderr": 0.03551446610810826
    },
    "hendrycksTest-college_chemistry": {
      "acc": 0.26,
      "acc_stderr": 0.04408440022768077,
      "acc_norm": 0.26,
      "acc_norm_stderr": 0.04408440022768077
    },
    "hendrycksTest-college_computer_science": {
      "acc": 0.2,
      "acc_stderr": 0.04020151261036845,
      "acc_norm": 0.2,
      "acc_norm_stderr": 0.04020151261036845
    },
    "hendrycksTest-college_mathematics": {
      "acc": 0.19,
      "acc_stderr": 0.03942772444036624,
      "acc_norm": 0.19,
      "acc_norm_stderr": 0.03942772444036624
    },
    "hendrycksTest-college_medicine": {
      "acc": 0.2254335260115607,
      "acc_stderr": 0.03186209851641143,
      "acc_norm": 0.2254335260115607,
      "acc_norm_stderr": 0.03186209851641143
    },
    "hendrycksTest-college_physics": {
      "acc": 0.22549019607843138,
      "acc_stderr": 0.041583075330832865,
      "acc_norm": 0.22549019607843138,
      "acc_norm_stderr": 0.041583075330832865
    },
    "hendrycksTest-computer_security": {
      "acc": 0.24,
      "acc_stderr": 0.042923469599092816,
      "acc_norm": 0.24,
      "acc_norm_stderr": 0.042923469599092816
    },
    "hendrycksTest-conceptual_physics": {
      "acc": 0.24680851063829787,
      "acc_stderr": 0.02818544130123408,
      "acc_norm": 0.24680851063829787,
      "acc_norm_stderr": 0.02818544130123408
    },
    "hendrycksTest-econometrics": {
      "acc": 0.23684210526315788,
      "acc_stderr": 0.03999423879281336,
      "acc_norm": 0.23684210526315788,
      "acc_norm_stderr": 0.03999423879281336
    },
    "hendrycksTest-electrical_engineering": {
      "acc": 0.25517241379310346,
      "acc_stderr": 0.03632984052707842,
      "acc_norm": 0.25517241379310346,
      "acc_norm_stderr": 0.03632984052707842
    },
    "hendrycksTest-elementary_mathematics": {
      "acc": 0.2222222222222222,
      "acc_stderr": 0.02141168439369419,
      "acc_norm": 0.2222222222222222,
      "acc_norm_stderr": 0.02141168439369419
    },
    "hendrycksTest-formal_logic": {
      "acc": 0.23809523809523808,
      "acc_stderr": 0.0380952380952381,
      "acc_norm": 0.23809523809523808,
      "acc_norm_stderr": 0.0380952380952381
    },
    "hendrycksTest-global_facts": {
      "acc": 0.2,
      "acc_stderr": 0.04020151261036846,
      "acc_norm": 0.2,
      "acc_norm_stderr": 0.04020151261036846
    },
    "hendrycksTest-high_school_biology": {
      "acc": 0.22258064516129034,
      "acc_stderr": 0.023664216671642507,
      "acc_norm": 0.22258064516129034,
      "acc_norm_stderr": 0.023664216671642507
    },
    "hendrycksTest-high_school_chemistry": {
      "acc": 0.2561576354679803,
      "acc_stderr": 0.030712730070982592,
      "acc_norm": 0.2561576354679803,
      "acc_norm_stderr": 0.030712730070982592
    },
    "hendrycksTest-high_school_computer_science": {
      "acc": 0.19,
      "acc_stderr": 0.03942772444036623,
      "acc_norm": 0.19,
      "acc_norm_stderr": 0.03942772444036623
    },
    "hendrycksTest-high_school_european_history": {
      "acc": 0.2787878787878788,
      "acc_stderr": 0.03501438706296781,
      "acc_norm": 0.2787878787878788,
      "acc_norm_stderr": 0.03501438706296781
    },
    "hendrycksTest-high_school_geography": {
      "acc": 0.22727272727272727,
      "acc_stderr": 0.0298575156733864,
      "acc_norm": 0.22727272727272727,
      "acc_norm_stderr": 0.0298575156733864
    },
    "hendrycksTest-high_school_government_and_politics": {
      "acc": 0.22279792746113988,
      "acc_stderr": 0.03003114797764154,
      "acc_norm": 0.22279792746113988,
      "acc_norm_stderr": 0.03003114797764154
    },
    "hendrycksTest-high_school_macroeconomics": {
      "acc": 0.2230769230769231,
      "acc_stderr": 0.02110773012724398,
      "acc_norm": 0.2230769230769231,
      "acc_norm_stderr": 0.02110773012724398
    },
    "hendrycksTest-high_school_mathematics": {
      "acc": 0.26296296296296295,
      "acc_stderr": 0.02684205787383371,
      "acc_norm": 0.26296296296296295,
      "acc_norm_stderr": 0.02684205787383371
    },
    "hendrycksTest-high_school_microeconomics": {
      "acc": 0.2184873949579832,
      "acc_stderr": 0.02684151432295895,
      "acc_norm": 0.2184873949579832,
      "acc_norm_stderr": 0.02684151432295895
    },
    "hendrycksTest-high_school_physics": {
      "acc": 0.19205298013245034,
      "acc_stderr": 0.03216298420593613,
      "acc_norm": 0.19205298013245034,
      "acc_norm_stderr": 0.03216298420593613
    },
    "hendrycksTest-high_school_psychology": {
      "acc": 0.21834862385321102,
      "acc_stderr": 0.017712600528722727,
      "acc_norm": 0.21834862385321102,
      "acc_norm_stderr": 0.017712600528722727
    },
    "hendrycksTest-high_school_statistics": {
      "acc": 0.39814814814814814,
      "acc_stderr": 0.03338473403207401,
      "acc_norm": 0.39814814814814814,
      "acc_norm_stderr": 0.03338473403207401
    },
    "hendrycksTest-high_school_us_history": {
      "acc": 0.23529411764705882,
      "acc_stderr": 0.02977177522814565,
      "acc_norm": 0.23529411764705882,
      "acc_norm_stderr": 0.02977177522814565
    },
    "hendrycksTest-high_school_world_history": {
      "acc": 0.23628691983122363,
      "acc_stderr": 0.027652153144159263,
      "acc_norm": 0.23628691983122363,
      "acc_norm_stderr": 0.027652153144159263
    },
    "hendrycksTest-human_aging": {
      "acc": 0.29596412556053814,
      "acc_stderr": 0.030636591348699796,
      "acc_norm": 0.29596412556053814,
      "acc_norm_stderr": 0.030636591348699796
    },
    "hendrycksTest-human_sexuality": {
      "acc": 0.2366412213740458,
      "acc_stderr": 0.03727673575596919,
      "acc_norm": 0.2366412213740458,
      "acc_norm_stderr": 0.03727673575596919
    },
    "hendrycksTest-international_law": {
      "acc": 0.2727272727272727,
      "acc_stderr": 0.04065578140908705,
      "acc_norm": 0.2727272727272727,
      "acc_norm_stderr": 0.04065578140908705
    },
    "hendrycksTest-jurisprudence": {
      "acc": 0.24074074074074073,
      "acc_stderr": 0.04133119440243839,
      "acc_norm": 0.24074074074074073,
      "acc_norm_stderr": 0.04133119440243839
    },
    "hendrycksTest-logical_fallacies": {
      "acc": 0.3312883435582822,
      "acc_stderr": 0.03697983910025588,
      "acc_norm": 0.3312883435582822,
      "acc_norm_stderr": 0.03697983910025588
    },
    "hendrycksTest-machine_learning": {
      "acc": 0.32142857142857145,
      "acc_stderr": 0.04432804055291519,
      "acc_norm": 0.32142857142857145,
      "acc_norm_stderr": 0.04432804055291519
    },
    "hendrycksTest-management": {
      "acc": 0.18446601941747573,
      "acc_stderr": 0.03840423627288276,
      "acc_norm": 0.18446601941747573,
      "acc_norm_stderr": 0.03840423627288276
    },
    "hendrycksTest-marketing": {
      "acc": 0.24786324786324787,