{
  "results": {
    "hendrycksTest-abstract_algebra": {
      "acc": 0.22,
      "acc_stderr": 0.0416333199893227,
      "acc_norm": 0.22,
      "acc_norm_stderr": 0.0416333199893227
    },
    "hendrycksTest-anatomy": {
      "acc": 0.2962962962962963,
      "acc_stderr": 0.03944624162501117,
      "acc_norm": 0.2962962962962963,
      "acc_norm_stderr": 0.03944624162501117
    },
    "hendrycksTest-astronomy": {
      "acc": 0.21052631578947367,
      "acc_stderr": 0.03317672787533157,
      "acc_norm": 0.21052631578947367,
      "acc_norm_stderr": 0.03317672787533157
    },
    "hendrycksTest-business_ethics": {
      "acc": 0.27,
      "acc_stderr": 0.0446196043338474,
      "acc_norm": 0.27,
      "acc_norm_stderr": 0.0446196043338474
    },
    "hendrycksTest-clinical_knowledge": {
      "acc": 0.17735849056603772,
      "acc_stderr": 0.023508739218846927,
      "acc_norm": 0.17735849056603772,
      "acc_norm_stderr": 0.023508739218846927
    },
    "hendrycksTest-college_biology": {
      "acc": 0.2569444444444444,
      "acc_stderr": 0.03653946969442099,
      "acc_norm": 0.2569444444444444,
      "acc_norm_stderr": 0.03653946969442099
    },
    "hendrycksTest-college_chemistry": {
      "acc": 0.22,
      "acc_stderr": 0.04163331998932269,
      "acc_norm": 0.22,
      "acc_norm_stderr": 0.04163331998932269
    },
    "hendrycksTest-college_computer_science": {
      "acc": 0.31,
      "acc_stderr": 0.04648231987117316,
      "acc_norm": 0.31,
      "acc_norm_stderr": 0.04648231987117316
    },
    "hendrycksTest-college_mathematics": {
      "acc": 0.25,
      "acc_stderr": 0.04351941398892446,
      "acc_norm": 0.25,
      "acc_norm_stderr": 0.04351941398892446
    },
    "hendrycksTest-college_medicine": {
      "acc": 0.21965317919075145,
      "acc_stderr": 0.031568093627031744,
      "acc_norm": 0.21965317919075145,
      "acc_norm_stderr": 0.031568093627031744
    },
    "hendrycksTest-college_physics": {
      "acc": 0.23529411764705882,
      "acc_stderr": 0.04220773659171453,
      "acc_norm": 0.23529411764705882,
      "acc_norm_stderr": 0.04220773659171453
    },
    "hendrycksTest-computer_security": {
      "acc": 0.2,
      "acc_stderr": 0.04020151261036843,
      "acc_norm": 0.2,
      "acc_norm_stderr": 0.04020151261036843
    },
    "hendrycksTest-conceptual_physics": {
      "acc": 0.2553191489361702,
      "acc_stderr": 0.028504856470514203,
      "acc_norm": 0.2553191489361702,
      "acc_norm_stderr": 0.028504856470514203
    },
    "hendrycksTest-econometrics": {
      "acc": 0.2631578947368421,
      "acc_stderr": 0.04142439719489361,
      "acc_norm": 0.2631578947368421,
      "acc_norm_stderr": 0.04142439719489361
    },
    "hendrycksTest-electrical_engineering": {
      "acc": 0.2620689655172414,
      "acc_stderr": 0.036646663372252565,
      "acc_norm": 0.2620689655172414,
      "acc_norm_stderr": 0.036646663372252565
    },
    "hendrycksTest-elementary_mathematics": {
      "acc": 0.2724867724867725,
      "acc_stderr": 0.02293097307163335,
      "acc_norm": 0.2724867724867725,
      "acc_norm_stderr": 0.02293097307163335
    },
    "hendrycksTest-formal_logic": {
      "acc": 0.1349206349206349,
      "acc_stderr": 0.030557101589417508,
      "acc_norm": 0.1349206349206349,
      "acc_norm_stderr": 0.030557101589417508
    },
    "hendrycksTest-global_facts": {
      "acc": 0.23,
      "acc_stderr": 0.04229525846816505,
      "acc_norm": 0.23,
      "acc_norm_stderr": 0.04229525846816505
    },
    "hendrycksTest-high_school_biology": {
      "acc": 0.3032258064516129,
      "acc_stderr": 0.026148685930671753,
      "acc_norm": 0.3032258064516129,
      "acc_norm_stderr": 0.026148685930671753
    },
    "hendrycksTest-high_school_chemistry": {
      "acc": 0.24630541871921183,
      "acc_stderr": 0.030315099285617732,
      "acc_norm": 0.24630541871921183,
      "acc_norm_stderr": 0.030315099285617732
    },
    "hendrycksTest-high_school_computer_science": {
      "acc": 0.22,
      "acc_stderr": 0.041633319989322695,
      "acc_norm": 0.22,
      "acc_norm_stderr": 0.041633319989322695
    },
    "hendrycksTest-high_school_european_history": {
      "acc": 0.24242424242424243,
      "acc_stderr": 0.03346409881055953,
      "acc_norm": 0.24242424242424243,
      "acc_norm_stderr": 0.03346409881055953
    },
    "hendrycksTest-high_school_geography": {
      "acc": 0.23232323232323232,
      "acc_stderr": 0.03008862949021749,
      "acc_norm": 0.23232323232323232,
      "acc_norm_stderr": 0.03008862949021749
    },
    "hendrycksTest-high_school_government_and_politics": {
      "acc": 0.32124352331606215,
      "acc_stderr": 0.033699508685490674,
      "acc_norm": 0.32124352331606215,
      "acc_norm_stderr": 0.033699508685490674
    },
    "hendrycksTest-high_school_macroeconomics": {
      "acc": 0.258974358974359,
      "acc_stderr": 0.022211106810061675,
      "acc_norm": 0.258974358974359,
      "acc_norm_stderr": 0.022211106810061675
    },
    "hendrycksTest-high_school_mathematics": {
      "acc": 0.21851851851851853,
      "acc_stderr": 0.025195752251823782,
      "acc_norm": 0.21851851851851853,
      "acc_norm_stderr": 0.025195752251823782
    },
    "hendrycksTest-high_school_microeconomics": {
      "acc": 0.27310924369747897,
      "acc_stderr": 0.028942004040998167,
      "acc_norm": 0.27310924369747897,
      "acc_norm_stderr": 0.028942004040998167
    },
    "hendrycksTest-high_school_physics": {
      "acc": 0.2582781456953642,
      "acc_stderr": 0.035737053147634576,
      "acc_norm": 0.2582781456953642,
      "acc_norm_stderr": 0.035737053147634576
    },
    "hendrycksTest-high_school_psychology": {
      "acc": 0.22935779816513763,
      "acc_stderr": 0.018025349724618684,
      "acc_norm": 0.22935779816513763,
      "acc_norm_stderr": 0.018025349724618684
    },
    "hendrycksTest-high_school_statistics": {
      "acc": 0.4675925925925926,
      "acc_stderr": 0.03402801581358966,
      "acc_norm": 0.4675925925925926,
      "acc_norm_stderr": 0.03402801581358966
    },
    "hendrycksTest-high_school_us_history": {
      "acc": 0.23529411764705882,
      "acc_stderr": 0.02977177522814563,
      "acc_norm": 0.23529411764705882,
      "acc_norm_stderr": 0.02977177522814563
    },
    "hendrycksTest-high_school_world_history": {
      "acc": 0.27848101265822783,
      "acc_stderr": 0.02917868230484256,
      "acc_norm": 0.27848101265822783,
      "acc_norm_stderr": 0.02917868230484256
    },
    "hendrycksTest-human_aging": {
      "acc": 0.36771300448430494,
      "acc_stderr": 0.03236198350928275,
      "acc_norm": 0.36771300448430494,
      "acc_norm_stderr": 0.03236198350928275
    },
    "hendrycksTest-human_sexuality": {
      "acc": 0.24427480916030533,
      "acc_stderr": 0.037683359597287434,
      "acc_norm": 0.24427480916030533,
      "acc_norm_stderr": 0.037683359597287434
    },
    "hendrycksTest-international_law": {
      "acc": 0.30578512396694213,
      "acc_stderr": 0.04205953933884123,
      "acc_norm": 0.30578512396694213,
      "acc_norm_stderr": 0.04205953933884123
    },
    "hendrycksTest-jurisprudence": {
      "acc": 0.24074074074074073,
      "acc_stderr": 0.041331194402438376,
      "acc_norm": 0.24074074074074073,
      "acc_norm_stderr": 0.041331194402438376
    },
    "hendrycksTest-logical_fallacies": {
      "acc": 0.294478527607362,
      "acc_stderr": 0.03581165790474082,
      "acc_norm": 0.294478527607362,
      "acc_norm_stderr": 0.03581165790474082
    },
    "hendrycksTest-machine_learning": {
      "acc": 0.24107142857142858,
      "acc_stderr": 0.04059867246952687,
      "acc_norm": 0.24107142857142858,
      "acc_norm_stderr": 0.04059867246952687
    },
    "hendrycksTest-management": {
      "acc": 0.1941747572815534,
      "acc_stderr": 0.03916667762822586,
      "acc_norm": 0.1941747572815534,
      "acc_norm_stderr": 0.03916667762822586
    },
    "hendrycksTest-marketing": {
      "acc": 0.2094017094017094,