{
  "wikitext2": 5.903003215789795,
  "ptb-new": 2993.5244140625,
  "c4-new": 8.147293090820312
}