{
  "results": {
    "hendrycksTest-abstract_algebra": {
      "acc": 0.25,
      "acc_stderr": 0.04351941398892446,
      "acc_norm": 0.25,
      "acc_norm_stderr": 0.04351941398892446
    },
    "hendrycksTest-anatomy": {
      "acc": 0.37777777777777777,
      "acc_stderr": 0.04188307537595853,
      "acc_norm": 0.37777777777777777,
      "acc_norm_stderr": 0.04188307537595853
    },
    "hendrycksTest-astronomy": {
      "acc": 0.40789473684210525,
      "acc_stderr": 0.03999309712777471,
      "acc_norm": 0.40789473684210525,
      "acc_norm_stderr": 0.03999309712777471
    },
    "hendrycksTest-business_ethics": {
      "acc": 0.42,
      "acc_stderr": 0.049604496374885836,
      "acc_norm": 0.42,
      "acc_norm_stderr": 0.049604496374885836
    },
    "hendrycksTest-clinical_knowledge": {
      "acc": 0.47547169811320755,
      "acc_stderr": 0.030735822206205608,
      "acc_norm": 0.47547169811320755,
      "acc_norm_stderr": 0.030735822206205608
    },
    "hendrycksTest-college_biology": {
      "acc": 0.4444444444444444,
      "acc_stderr": 0.04155319955593146,
      "acc_norm": 0.4444444444444444,
      "acc_norm_stderr": 0.04155319955593146
    },
    "hendrycksTest-college_chemistry": {
      "acc": 0.38,
      "acc_stderr": 0.04878317312145632,
      "acc_norm": 0.38,
      "acc_norm_stderr": 0.04878317312145632
    },
    "hendrycksTest-college_computer_science": {
      "acc": 0.28,
      "acc_stderr": 0.04512608598542127,
      "acc_norm": 0.28,
      "acc_norm_stderr": 0.04512608598542127
    },
    "hendrycksTest-college_mathematics": {
      "acc": 0.32,
      "acc_stderr": 0.04688261722621505,
      "acc_norm": 0.32,
      "acc_norm_stderr": 0.04688261722621505
    },
    "hendrycksTest-college_medicine": {
      "acc": 0.4046242774566474,
      "acc_stderr": 0.03742461193887248,
      "acc_norm": 0.4046242774566474,
      "acc_norm_stderr": 0.03742461193887248
    },
    "hendrycksTest-college_physics": {
      "acc": 0.24509803921568626,
      "acc_stderr": 0.04280105837364395,
      "acc_norm": 0.24509803921568626,
      "acc_norm_stderr": 0.04280105837364395
    },
    "hendrycksTest-computer_security": {
      "acc": 0.46,
      "acc_stderr": 0.05009082659620332,
      "acc_norm": 0.46,
      "acc_norm_stderr": 0.05009082659620332
    },
    "hendrycksTest-conceptual_physics": {
      "acc": 0.40425531914893614,
      "acc_stderr": 0.03208115750788684,
      "acc_norm": 0.40425531914893614,
      "acc_norm_stderr": 0.03208115750788684
    },
    "hendrycksTest-econometrics": {
      "acc": 0.2894736842105263,
      "acc_stderr": 0.04266339443159392,
      "acc_norm": 0.2894736842105263,
      "acc_norm_stderr": 0.04266339443159392
    },
    "hendrycksTest-electrical_engineering": {
      "acc": 0.4482758620689655,
      "acc_stderr": 0.04144311810878151,
      "acc_norm": 0.4482758620689655,
      "acc_norm_stderr": 0.04144311810878151
    },
    "hendrycksTest-elementary_mathematics": {
      "acc": 0.22486772486772486,
      "acc_stderr": 0.02150209607822914,
      "acc_norm": 0.22486772486772486,
      "acc_norm_stderr": 0.02150209607822914
    },
    "hendrycksTest-formal_logic": {
      "acc": 0.3492063492063492,
      "acc_stderr": 0.04263906892795133,
      "acc_norm": 0.3492063492063492,
      "acc_norm_stderr": 0.04263906892795133
    },
    "hendrycksTest-global_facts": {
      "acc": 0.36,
      "acc_stderr": 0.04824181513244218,
      "acc_norm": 0.36,
      "acc_norm_stderr": 0.04824181513244218
    },
    "hendrycksTest-high_school_biology": {
      "acc": 0.4645161290322581,
      "acc_stderr": 0.028372287797962956,
      "acc_norm": 0.4645161290322581,
      "acc_norm_stderr": 0.028372287797962956
    },
    "hendrycksTest-high_school_chemistry": {
      "acc": 0.3251231527093596,
      "acc_stderr": 0.032957975663112704,
      "acc_norm": 0.3251231527093596,
      "acc_norm_stderr": 0.032957975663112704
    },
    "hendrycksTest-high_school_computer_science": {
      "acc": 0.33,
      "acc_stderr": 0.047258156262526045,
      "acc_norm": 0.33,
      "acc_norm_stderr": 0.047258156262526045
    },
    "hendrycksTest-high_school_european_history": {
      "acc": 0.5212121212121212,
      "acc_stderr": 0.03900828913737302,
      "acc_norm": 0.5212121212121212,
      "acc_norm_stderr": 0.03900828913737302
    },
    "hendrycksTest-high_school_geography": {
      "acc": 0.5050505050505051,
      "acc_stderr": 0.035621707606254015,
      "acc_norm": 0.5050505050505051,
      "acc_norm_stderr": 0.035621707606254015
    },
    "hendrycksTest-high_school_government_and_politics": {
      "acc": 0.5595854922279793,
      "acc_stderr": 0.03582724530036095,
      "acc_norm": 0.5595854922279793,
      "acc_norm_stderr": 0.03582724530036095
    },
    "hendrycksTest-high_school_macroeconomics": {
      "acc": 0.38461538461538464,
      "acc_stderr": 0.02466674491518722,
      "acc_norm": 0.38461538461538464,
      "acc_norm_stderr": 0.02466674491518722
    },
    "hendrycksTest-high_school_mathematics": {
      "acc": 0.2740740740740741,
      "acc_stderr": 0.027195934804085622,
      "acc_norm": 0.2740740740740741,
      "acc_norm_stderr": 0.027195934804085622
    },
    "hendrycksTest-high_school_microeconomics": {
      "acc": 0.3907563025210084,
      "acc_stderr": 0.031693802357129965,
      "acc_norm": 0.3907563025210084,
      "acc_norm_stderr": 0.031693802357129965
    },
    "hendrycksTest-high_school_physics": {
      "acc": 0.33774834437086093,
      "acc_stderr": 0.03861557546255169,
      "acc_norm": 0.33774834437086093,
      "acc_norm_stderr": 0.03861557546255169
    },
    "hendrycksTest-high_school_psychology": {
      "acc": 0.5559633027522936,
      "acc_stderr": 0.021302621211654518,
      "acc_norm": 0.5559633027522936,
      "acc_norm_stderr": 0.021302621211654518
    },
    "hendrycksTest-high_school_statistics": {
      "acc": 0.42592592592592593,
      "acc_stderr": 0.03372343271653063,
      "acc_norm": 0.42592592592592593,
      "acc_norm_stderr": 0.03372343271653063
    },
    "hendrycksTest-high_school_us_history": {
      "acc": 0.4068627450980392,
      "acc_stderr": 0.03447891136353382,
      "acc_norm": 0.4068627450980392,
      "acc_norm_stderr": 0.03447891136353382
    },
    "hendrycksTest-high_school_world_history": {
      "acc": 0.3881856540084388,
      "acc_stderr": 0.03172295004332331,
      "acc_norm": 0.3881856540084388,
      "acc_norm_stderr": 0.03172295004332331
    },
    "hendrycksTest-human_aging": {
      "acc": 0.47085201793721976,
      "acc_stderr": 0.03350073248773404,
      "acc_norm": 0.47085201793721976,
      "acc_norm_stderr": 0.03350073248773404
    },
    "hendrycksTest-human_sexuality": {
      "acc": 0.46564885496183206,
      "acc_stderr": 0.043749285605997376,
      "acc_norm": 0.46564885496183206,
      "acc_norm_stderr": 0.043749285605997376
    },
    "hendrycksTest-international_law": {
      "acc": 0.6115702479338843,
      "acc_stderr": 0.04449270350068382,
      "acc_norm": 0.6115702479338843,
      "acc_norm_stderr": 0.04449270350068382
    },
    "hendrycksTest-jurisprudence": {
      "acc": 0.4351851851851852,
      "acc_stderr": 0.04792898170907062,
      "acc_norm": 0.4351851851851852,
      "acc_norm_stderr": 0.04792898170907062
    },
    "hendrycksTest-logical_fallacies": {
      "acc": 0.4110429447852761,
      "acc_stderr": 0.038656978537853624,
      "acc_norm": 0.4110429447852761,
      "acc_norm_stderr": 0.038656978537853624
    },
    "hendrycksTest-machine_learning": {
      "acc": 0.32142857142857145,
      "acc_stderr": 0.04432804055291519,
      "acc_norm": 0.32142857142857145,
      "acc_norm_stderr": 0.04432804055291519
    },
    "hendrycksTest-management": {
      "acc": 0.47572815533980584,
      "acc_stderr": 0.049449010929737795,
      "acc_norm": 0.47572815533980584,
      "acc_norm_stderr": 0.049449010929737795
    },
    "hendrycksTest-marketing": {
      "acc": 0.6025641025641025,